TTC1,Exodus 20:3,Thou shalt have no other gods before me. 
TTC2,Exodus 20:4,"Thou shalt not make unto thee any graven image, or any likeness [of any thing] that [is] in heaven above, or that [is] in the earth beneath, or that [is] in the water under the earth: "
TTC3,Exodus 20:5,"Thou shalt not bow down thyself to them, nor serve them: for I the LORD thy God [am] a jealous God, visiting the iniquity of the fathers upon the children unto the third and fourth [generation] of them that hate me; "
TTC4,Exodus 20:6,"And shewing mercy unto thousands of them that love me, and keep my commandments. "
TTC5,Exodus 20:7,Thou shalt not take the name of the LORD thy God in vain; for the LORD will not hold him guiltless that taketh his name in vain. 
TTC6,Exodus 20:8,"Remember the sabbath day, to keep it holy. "
TTC7,Exodus 20:9,"Six days shalt thou labour, and do all thy work: "
TTC8,Exodus 20:10,"But the seventh day [is] the sabbath of the LORD thy God: [in it] thou shalt not do any work, thou, nor thy son, nor thy daughter, thy manservant, nor thy maidservant, nor thy cattle, nor thy stranger that [is] within thy gates: "
TTC9,Exodus 20:11,"For [in] six days the LORD made heaven and earth, the sea, and all that in them [is,] and rested the seventh day: wherefore the LORD blessed the sabbath day, and hallowed it. "
TTC10,Exodus 20:12,Honour thy father and thy mother: that thy days may be long upon the land which the LORD thy God giveth thee. 
TTC11,Exodus 20:13,Thou shalt not kill. 
TTC12,Exodus 20:14,Thou shalt not commit adultery. 
TTC13,Exodus 20:15,Thou shalt not steal. 
TTC14,Exodus 20:16,Thou shalt not bear false witness against thy neighbour. 
TTC15,Exodus 20:17,"Thou shalt not covet thy neighbour's house, thou shalt not covet thy neighbour's wife, nor his manservant, nor his maidservant, nor his ox, nor his ass, nor any thing that [is] thy neighbour's. "
APOP1,Psalm 100:1,"Make a joyful noise unto the LORD, all ye lands. "
APOP2,Psalm 100:2,Serve the LORD with gladness: come before his presence with singing. 
APOP3,Psalm 100:3,"Know ye that the LORD he [is] God: [it is] he [that] hath made us, and not we ourselves; [we are] his people, and the sheep of his pasture. "
APOP4,Psalm 100:4,"Enter into his gates with thanksgiving, [and] into his courts with praise: be thankful unto him, [and] bless his name. "
APOP5,Psalm 100:5,For the LORD [is] good; his mercy [is] everlasting; and his truth [endureth] to all generations. 
TGOG1,Isaiah 40:1,"Comfort ye, comfort ye my people, saith your God. "
TGOG2,Isaiah 40:2,"Speak ye comfortably to Jerusalem, and cry unto her, that her warfare is accomplished, that her iniquity is pardoned: for she hath received of the LORD'S hand double for all her sins. "
TGOG3,Isaiah 40:3,"The voice of him that crieth in the wilderness, Prepare ye the way of the LORD, make straight in the desert a highway for our God. "
TGOG4,Isaiah 40:4,"Every valley shall be exalted, and every mountain and hill shall be made low: and the crooked shall be made straight, and the rough places plain: "
TGOG5,Isaiah 40:5,"And the glory of the LORD shall be revealed, and all flesh shall see [it] together: for the mouth of the LORD hath spoken [it. ]"
TGOG6,Isaiah 40:6,"The voice said, Cry. And he said, What shall I cry? All flesh [is] grass, and all the goodliness thereof [is] as the flower of the field: "
TGOG7,Isaiah 40:7,"The grass withereth, the flower fadeth: because the spirit of the LORD bloweth upon it: surely the people [is] grass. "
TGOG8,Isaiah 40:8,"The grass withereth, the flower fadeth: but the word of our God shall stand for ever. "
TGOG9,Isaiah 40:9,"O Zion, that bringest good tidings, get thee up into the high mountain; O Jerusalem, that bringest good tidings, lift up thy voice with strength; lift [it] up, be not afraid; say unto the cities of Judah, Behold your God! "
TGOG10,Isaiah 40:10,"Behold, the Lord GOD will come with strong [hand,] and his arm shall rule for him: behold, his reward [is] with him, and his work before him. "
TGOG11,Isaiah 40:11,"He shall feed his flock like a shepherd: he shall gather the lambs with his arm, and carry [them] in his bosom, [and] shall gently lead those that are with young. "
TGOG12,Isaiah 40:12,"Who hath measured the waters in the hollow of his hand, and meted out heaven with the span, and comprehended the dust of the earth in a measure, and weighed the mountains in scales, and the hills in a balance? "
TGOG13,Isaiah 40:13,"Who hath directed the Spirit of the LORD, or [being] his counsellor hath taught him? "
TGOG14,Isaiah 40:14,"With whom took he counsel, and [who] instructed him, and taught him in the path of judgment, and taught him knowledge, and shewed to him the way of understanding? "
TGOG15,Isaiah 40:15,"Behold, the nations [are] as a drop of a bucket, and are counted as the small dust of the balance: behold, he taketh up the isles as a very little thing. "
TGOG16,Isaiah 40:16,"And Lebanon [is] not sufficient to burn, nor the beasts thereof sufficient for a burnt offering. "
TGOG17,Isaiah 40:17,"All nations before him [are] as nothing; and they are counted to him less than nothing, and vanity. "
TGOG18,Isaiah 40:18,To whom then will ye liken God? or what likeness will ye compare unto him? 
TGOG19,Isaiah 40:19,"The workman melteth a graven image, and the goldsmith spreadeth it over with gold, and casteth silver chains. "
TGOG20,Isaiah 40:20,"He that [is] so impoverished that he hath no oblation chooseth a tree [that] will not rot; he seeketh unto him a cunning workman to prepare a graven image, [that] shall not be moved. "
TGOG21,Isaiah 40:21,Have ye not known? have ye not heard? hath it not been told you from the beginning? have ye not understood from the foundations of the earth? 
TGOG22,Isaiah 40:22,"[It is] he that sitteth upon the circle of the earth, and the inhabitants thereof [are] as grasshoppers; that stretcheth out the heavens as a curtain, and spreadeth them out as a tent to dwell in: "
TGOG23,Isaiah 40:23,That bringeth the princes to nothing; he maketh the judges of the earth as vanity. 
TGOG24,Isaiah 40:24,"Yea, they shall not be planted; yea, they shall not be sown: yea, their stock shall not take root in the earth: and he shall also blow upon them, and they shall wither, and the whirlwind shall take them away as stubble. "
TGOG25,Isaiah 40:25,"To whom then will ye liken me, or shall I be equal? saith the Holy One. "
TGOG26,Isaiah 40:26,"Lift up your eyes on high, and behold who hath created these [things,] that bringeth out their host by number: he calleth them all by names by the greatness of his might, for that [he is] strong in power; not one faileth. "
TGOG27,Isaiah 40:27,"Why sayest thou, O Jacob, and speakest, O Israel, My way is hid from the LORD, and my judgment is passed over from my God? "
TGOG28,Isaiah 40:28,"Hast thou not known? hast thou not heard, [that] the everlasting God, the LORD, the Creator of the ends of the earth, fainteth not, neither is weary? [there is] no searching of his understanding. "
TGOG29,Isaiah 40:29,He giveth power to the faint; and to [them that have] no might he increaseth strength. 
TGOG30,Isaiah 40:30,"Even the youths shall faint and be weary, and the young men shall utterly fall: "
TGOG31,Isaiah 40:31,"But they that wait upon the LORD shall renew [their] strength; they shall mount up with wings as eagles; they shall run, and not be weary; [and] they shall walk, and not faint. "
TTOJ1,Matthew 4:1,Then was Jesus led up of the Spirit into the wilderness to be tempted of the devil. 
TTOJ2,Matthew 4:2,"And when he had fasted forty days and forty nights, he was afterward an hungred. "
TTOJ3,Matthew 4:3,"And when the tempter came to him, he said, If thou be the Son of God, command that these stones be made bread. "
TTOJ4,Matthew 4:4,"But he answered and said, It is written, Man shall not live by bread alone, but by every word that proceedeth out of the mouth of God. "
TTOJ5,Matthew 4:5,"Then the devil taketh him up into the holy city, and setteth him on a pinnacle of the temple, "
TTOJ6,Matthew 4:6,"And saith unto him, If thou be the Son of God, cast thyself down: for it is written, He shall give his angels charge concerning thee: and in [their] hands they shall bear thee up, lest at any time thou dash thy foot against a stone. "
TTOJ7,Matthew 4:7,"Jesus said unto him, It is written again, Thou shalt not tempt the Lord thy God. "
TTOJ8,Matthew 4:8,"Again, the devil taketh him up into an exceeding high mountain, and sheweth him all the kingdoms of the world, and the glory of them; "
TTOJ9,Matthew 4:9,"And saith unto him, All these things will I give thee, if thou wilt fall down and worship me. "
TTOJ10,Matthew 4:10,"Then saith Jesus unto him, Get thee hence, Satan: for it is written, Thou shalt worship the Lord thy God, and him only shalt thou serve. "
TTOJ11,Matthew 4:11,"Then the devil leaveth him, and, behold, angels came and ministered unto him. "
TSOM1,Matthew 5:1,"And seeing the multitudes, he went up into a mountain: and when he was set, his disciples came unto him: "
TSOM2,Matthew 5:2,"And he opened his mouth, and taught them, saying, "
TSOM3,Matthew 5:3,Blessed [are] the poor in spirit: for theirs is the kingdom of heaven. 
TSOM4,Matthew 5:4,Blessed [are] they that mourn: for they shall be comforted. 
TSOM5,Matthew 5:5,Blessed [are] the meek: for they shall inherit the earth. 
TSOM6,Matthew 5:6,Blessed [are] they which do hunger and thirst after righteousness: for they shall be filled. 
TSOM7,Matthew 5:7,Blessed [are] the merciful: for they shall obtain mercy. 
TSOM8,Matthew 5:8,Blessed [are] the pure in heart: for they shall see God. 
TSOM9,Matthew 5:9,Blessed [are] the peacemakers: for they shall be called the children of God. 
TSOM10,Matthew 5:10,Blessed [are] they which are persecuted for righteousness sake: for theirs is the kingdom of heaven. 
TSOM11,Matthew 5:11,"Blessed are ye, when [men] shall revile you, and persecute [you,] and shall say all manner of evil against you falsely, for my sake. "
TSOM12,Matthew 5:12,"Rejoice, and be exceeding glad: for great [is] your reward in heaven: for so persecuted they the prophets which were before you. "
TSOM13,Matthew 5:13,"Ye are the salt of the earth: but if the salt have lost his savour, wherewith shall it be salted? it is thenceforth good for nothing, but to be cast out, and to be trodden under foot of men. "
TSOM14,Matthew 5:14,Ye are the light of the world. A city that is set on an hill cannot be hid. 
TSOM15,Matthew 5:15,"Neither do men light a candle, and put it under a bushel, but on a candlestick; and it giveth light unto all that are in the house. "
TSOM16,Matthew 5:16,"Let your light so shine before men, that they may see your good works, and glorify your Father which is in heaven. "
TSOM17,Matthew 5:17,"Think not that I am come to destroy the law, or the prophets: I am not come to destroy, but to fulfil. "
TSOM18,Matthew 5:18,"For verily I say unto you, Till heaven and earth pass, one jot or one tittle shall in no wise pass from the law, till all be fulfilled. "
TSOM19,Matthew 5:19,"Whosoever therefore shall break one of these least commandments, and shall teach men so, he shall be called the least in the kingdom of heaven: but whosoever shall do and teach [them,] the same shall be called great in the kingdom of heaven. "
TSOM20,Matthew 5:20,"For I say unto you, That except your righteousness shall exceed [the righteousness] of the scribes and Pharisees, ye shall in no case enter into the kingdom of heaven. "
TSOM21,Matthew 5:21,"Ye have heard that it was said by them of old time, Thou shalt not kill; and whosoever shall kill shall be in danger of the judgment: "
TSOM22,Matthew 5:22,"But I say unto you, That whosoever is angry with his brother without a cause shall be in danger of the judgment: and whosoever shall say to his brother, Raca, shall be in danger of the council: but whosoever shall say, Thou fool, shall be in danger of hell fire. "
TSOM23,Matthew 5:23,"Therefore if thou bring thy gift to the altar, and there rememberest that thy brother hath ought against thee; "
TSOM24,Matthew 5:24,"Leave there thy gift before the altar, and go thy way; first be reconciled to thy brother, and then come and offer thy gift. "
TSOM25,Matthew 5:25,"Agree with thine adversary quickly, whiles thou art in the way with him; lest at any time the adversary deliver thee to the judge, and the judge deliver thee to the officer, and thou be cast into prison. "
TSOM26,Matthew 5:26,"Verily I say unto thee, Thou shalt by no means come out thence, till thou hast paid the uttermost farthing. "
TSOM27,Matthew 5:27,"Ye have heard that it was said by them of old time, Thou shalt not commit adultery: "
TSOM28,Matthew 5:28,"But I say unto you, That whosoever looketh on a woman to lust after her hath committed adultery with her already in his heart. "
TSOM29,Matthew 5:29,"And if thy right eye offend thee, pluck it out, and cast [it] from thee: for it is profitable for thee that one of thy members should perish, and not [that] thy whole body should be cast into hell. "
TSOM30,Matthew 5:30,"And if thy right hand offend thee, cut if off, and cast it from thee: for it is profitable for thee that one of thy members should perish, and not [that] thy whole body should be cast into hell. "
TSOM31,Matthew 5:31,"It hath been said, Whosoever shall put away his wife, let him give her a writing of divorcement: "
TSOM32,Matthew 5:32,"But I say unto you, That whosoever shall put away his wife, saving for the cause of fornication, causeth her to commit adultery: and whosoever shall marry her that is divorced committeth adultery. "
TSOM33,Matthew 5:33,"Again, ye have heard that it hath been said by them of old time, Thou shalt not forswear thyself, but shalt perform unto the Lord thine oaths: "
TSOM34,Matthew 5:34,"But I say unto you, Swear not at all; neither by heaven; for it is God's throne: "
TSOM35,Matthew 5:35,Nor by the earth; for it is his footstool: neither by Jerusalem; for it is the city of the great King. 
TSOM36,Matthew 5:36,"Neither shalt thou swear by thy head, because thou canst not make one hair white or black. "
TSOM37,Matthew 5:37,"But let your communication be, Yea, yea; Nay, nay: for whatsoever is more than these cometh of evil. "
TSOM38,Matthew 5:38,"Ye have heard that it hath been said, An eye for an eye, and a tooth for a tooth: "
TSOM39,Matthew 5:39,"But I say unto you, That ye resist not evil: but whosoever shall smite thee on thy right cheek, turn to him the other also. "
TSOM40,Matthew 5:40,"And if any man will sue thee at the law, and take away thy coat, let him have [thy] cloke also. "
TSOM41,Matthew 5:41,"And whosoever shall compel thee to go a mile, go with him twain. "
TSOM42,Matthew 5:42,"Give to him that asketh thee, and from him that would borrow of thee turn not thou away. "
TSOM43,Matthew 5:43,"Ye have heard that it hath been said, Thou shalt love thy neighbour, and hate thine enemy. "
TSOM44,Matthew 5:44,"But I say unto you, Love your enemies, bless them that curse you, do good to them that hate you, and pray for them which despitefully use you, and persecute you; "
TSOM45,Matthew 5:45,"That ye may be the children of your Father which is in heaven: for he maketh his sun to rise on the evil and on the good, and sendeth rain on the just and on the unjust. "
TSOM46,Matthew 5:46,"For if ye love them which love you, what reward have ye? do not even the publicans the same? "
TSOM47,Matthew 5:47,"And if ye salute your brethren only, what do ye more [than others?] do not even the publicans so? "
TSOM48,Matthew 5:48,"Be ye therefore perfect, even as your Father which is in heaven is perfect. "
TSOM49,Matthew 6:1,"Take heed that ye do not your alms before men, to be seen of them: otherwise ye have no reward of your Father which is in heaven. "
TSOM50,Matthew 6:2,"Therefore when thou doest [thine] alms, do not sound a trumpet before thee, as the hypocrites do in the synagogues and in the streets, that they may have glory of men. Verily I say unto you, They have their reward. "
TSOM51,Matthew 6:3,"But when thou doest alms, let not thy left hand know what thy right hand doeth: "
TSOM52,Matthew 6:4,That thine alms may be in secret: and thy Father which seeth in secret himself shall reward thee openly. 
TSOM53,Matthew 6:5,"And when thou prayest, thou shalt not be as the hypocrites [are:] for they love to pray standing in the synagogues and in the corners of the streets, that they may be seen of men. Verily I say unto you, They have their reward. "
TSOM54,Matthew 6:6,"But thou, when thou prayest, enter into thy closet, and when thou hast shut thy door, pray to thy Father which is in secret; and thy Father which seeth in secret shall reward thee openly. "
TSOM55,Matthew 6:7,"But when ye pray, use not vain repetitions, as the heathen [do:] for they think that they shall be heard for their much speaking. "
TSOM56,Matthew 6:8,"Be not ye therefore like unto them: for your Father knoweth what things ye have need of, before ye ask him. "
TSOM57,Matthew 6:9,"After this manner therefore pray ye: Our Father which art in heaven, Hallowed be thy name. "
TSOM58,Matthew 6:10,"Thy kingdom come. Thy will be done in earth, as [it is] in heaven. "
TSOM59,Matthew 6:11,Give us this day our daily bread. 
TSOM60,Matthew 6:12,"And forgive us our debts, as we forgive our debtors. "
TSOM61,Matthew 6:13,"And lead us not into temptation, but deliver us from evil: For thine is the kingdom, and the power, and the glory, for ever. Amen. "
TSOM62,Matthew 6:14,"For if ye forgive men their trespasses, your heavenly Father will also forgive you: "
TSOM63,Matthew 6:15,"But if ye forgive not men their trespasses, neither will your Father forgive your trespasses. "
TSOM64,Matthew 6:16,"Moreover when ye fast, be not, as the hypocrites, of a sad countenance: for they disfigure their faces, that they may appear unto men to fast. Verily I say unto you, They have their reward. "
TSOM65,Matthew 6:17,"But thou, when thou fastest, anoint thine head, and wash thy face; "
TSOM66,Matthew 6:18,"That thou appear not unto men to fast, but unto thy Father which is in secret: and thy Father, which seeth in secret, shall reward thee openly. "
TSOM67,Matthew 6:19,"Lay not up for yourselves treasures upon earth, where moth and rust doth corrupt, and where thieves break through and steal: "
TSOM68,Matthew 6:20,"But lay up for yourselves treasures in heaven, where neither moth nor rust doth corrupt, and where thieves do not break through nor steal: "
TSOM69,Matthew 6:21,"For where your treasure is, there will your heart be also. "
TSOM70,Matthew 6:22,"The light of the body is the eye: if therefore thine eye be single, thy whole body shall be full of light. "
TSOM71,Matthew 6:23,"But if thine eye be evil, thy whole body shall be full of darkness. If therefore the light that is in thee be darkness, how great [is] that darkness! "
TSOM72,Matthew 6:24,"No man can serve two masters: for either he will hate the one, and love the other; or else he will hold to the one, and despise the other. Ye cannot serve God and mammon. "
TSOM73,Matthew 6:25,"Therefore I say unto you, Take no thought for your life, what ye shall eat, or what ye shall drink; nor yet for your body, what ye shall put on. Is not the life more than meat, and the body than raiment? "
TSOM74,Matthew 6:26,"Behold the fowls of the air: for they sow not, neither do they reap, nor gather into barns; yet your heavenly Father feedeth them. Are ye not much better than they? "
TSOM75,Matthew 6:27,Which of you by taking thought can add one cubit unto his stature? 
TSOM76,Matthew 6:28,"And why take ye thought for raiment? Consider the lilies of the field, how they grow; they toil not, neither do they spin: "
TSOM77,Matthew 6:29,"And yet I say unto you, That even Solomon in all his glory was not arrayed like one of these. "
TSOM78,Matthew 6:30,"Wherefore, if God so clothe the grass of the field, which to day is, and to morrow is cast into the oven, [shall he] not much more [clothe] you, O ye of little faith? "
TSOM79,Matthew 6:31,"Therefore take no thought, saying, What shall we eat? or, What shall we drink? or, Wherewithal shall we be clothed? "
TSOM80,Matthew 6:32,(For after all these things do the Gentiles seek:) for your heavenly Father knoweth that ye have need of all these things. 
TSOM81,Matthew 6:33,"But seek ye first the kingdom of God, and his righteousness; and all these things shall be added unto you. "
TSOM82,Matthew 6:34,Take therefore no thought for the morrow: for the morrow shall take thought for the things of itself. Sufficient unto the day [is] the evil thereof. 
TSOM83,Matthew 7:1,"Judge not, that ye be not judged. "
TSOM84,Matthew 7:2,"For with what judgment ye judge, ye shall be judged: and with what measure ye mete, it shall be measured to you again. "
TSOM85,Matthew 7:3,"And why beholdest thou the mote that is in thy brother's eye, but considerest not the beam that is in thine own eye? "
TSOM86,Matthew 7:4,"Or how wilt thou say to thy brother, Let me pull out the mote out of thine eye; and, behold, a beam [is] in thine own eye? "
TSOM87,Matthew 7:5,"Thou hypocrite, first cast out the beam out of thine own eye; and then shalt thou see clearly to cast out the mote out of thy brother's eye. "
TSOM88,Matthew 7:6,"Give not that which is holy unto the dogs, neither cast ye your pearls before swine, lest they trample them under their feet, and turn again and rend you. "
TSOM89,Matthew 7:7,"Ask, and it shall be given you; seek, and ye shall find; knock, and it shall be opened unto you: "
TSOM90,Matthew 7:8,For every one that asketh receiveth; and he that seeketh findeth; and to him that knocketh it shall be opened. 
TSOM91,Matthew 7:9,"Or what man is there of you, whom if his son ask bread, will he give him a stone? "
TSOM92,Matthew 7:10,"Or if he ask a fish, will he give him a serpent? "
TSOM93,Matthew 7:11,"If ye then, being evil, know how to give good gifts unto your children, how much more shall your Father which is in heaven give good things to them that ask him? "
TSOM94,Matthew 7:12,"Therefore all things whatsoever ye would that men should do to you, do ye even so to them: for this is the law and the prophets. "
TSOM95,Matthew 7:13,"Enter ye in at the strait gate: for wide [is] the gate, and broad [is] the way, that leadeth to destruction, and many there be which go in thereat: "
TSOM96,Matthew 7:14,"Because strait [is] the gate, and narrow [is] the way, which leadeth unto life, and few there be that find it. "
TSOM97,Matthew 7:15,"Beware of false prophets, which come to you in sheep's clothing, but inwardly they are ravening wolves. "
TSOM98,Matthew 7:16,"Ye shall know them by their fruits. Do men gather grapes of thorns, or figs of thistles? "
TSOM99,Matthew 7:17,Even so every good tree bringeth forth good fruit; but a corrupt tree bringeth forth evil fruit. 
TSOM100,Matthew 7:18,"A good tree cannot bring forth evil fruit, neither [can] a corrupt tree bring forth good fruit. "
TSOM101,Matthew 7:19,"Every tree that bringeth not forth good fruit is hewn down, and cast into the fire. "
TSOM102,Matthew 7:20,Wherefore by their fruits ye shall know them. 
TSOM103,Matthew 7:21,"Not every one that saith unto me, Lord, Lord, shall enter into the kingdom of heaven; but he that doeth the will of my Father which is in heaven. "
TSOM104,Matthew 7:22,"Many will say to me in that day, Lord, Lord, have we not prophesied in thy name? and in thy name have cast out devils? and in thy name done many wonderful works? "
TSOM105,Matthew 7:23,"And then will I profess unto them, I never knew you: depart from me, ye that work iniquity. "
TSOM106,Matthew 7:24,"Therefore whosoever heareth these sayings of mine, and doeth them, I will liken him unto a wise man, which built his house upon a rock: "
TSOM107,Matthew 7:25,"And the rain descended, and the floods came, and the winds blew, and beat upon that house; and it fell not: for it was founded upon a rock. "
TSOM108,Matthew 7:26,"And every one that heareth these sayings of mine, and doeth them not, shall be likened unto a foolish man, which built his house upon the sand: "
TSOM109,Matthew 7:27,"And the rain descended, and the floods came, and the winds blew, and beat upon that house; and it fell: and great was the fall of it. "
TSOM110,Matthew 7:28,"And it came to pass, when Jesus had ended these sayings, the people were astonished at his doctrine: "
TSOM111,Matthew 7:29,"For he taught them as [one] having authority, and not as the scribes. "
TPOTS1,Mark 4:1,"And he began again to teach by the sea side: and there was gathered unto him a great multitude, so that he entered into a ship, and sat in the sea; and the whole multitude was by the sea on the land. "
TPOTS2,Mark 4:2,"And he taught them many things by parables, and said unto them in his doctrine, "
TPOTS3,Mark 4:3,"Hearken; Behold, there went out a sower to sow: "
TPOTS4,Mark 4:4,"And it came to pass, as he sowed, some fell by the way side, and the fowls of the air came and devoured it up. "
TPOTS5,Mark 4:5,"And some fell on stony ground, where it had not much earth; and immediately it sprang up, because it had no depth of earth: "
TPOTS6,Mark 4:6,"But when the sun was up, it was scorched; and because it had no root, it withered away. "
TPOTS7,Mark 4:7,"And some fell among thorns, and the thorns grew up, and choked it, and it yielded no fruit. "
TPOTS8,Mark 4:8,"And other fell on good ground, and did yield fruit that sprang up and increased; and brought forth, some thirty, and some sixty, and some an hundred. "
TPOTS9,Mark 4:9,"And he said unto them, He that hath ears to hear, let him hear. "
TPOTS10,Mark 4:10,"And when he was alone, they that were about him with the twelve asked of him the parable. "
TPOTS11,Mark 4:11,"And he said unto them, Unto you it is given to know the mystery of the kingdom of God: but unto them that are without, all these [things] are done in parables: "
TPOTS12,Mark 4:12,"That seeing they may see, and not perceive; and hearing they may hear, and not understand; lest at any time they should be converted, and [their] sins should be forgiven them. "
TPOTS13,Mark 4:13,"And he said unto them, Know ye not this parable? and how then will ye know all parables? "
TPOTS14,Mark 4:14,The sower soweth the word. 
TPOTS15,Mark 4:15,"And these are they by the way side, where the word is sown; but when they have heard, Satan cometh immediately, and taketh away the word that was sown in their hearts. "
TPOTS16,Mark 4:16,"And these are they likewise which are sown on stony ground; who, when they have heard the word, immediately receive it with gladness; "
TPOTS17,Mark 4:17,"And have no root in themselves, and so endure but for a time: afterward, when affliction or persecution ariseth for the word's sake, immediately they are offended. "
TPOTS18,Mark 4:18,"And these are they which are sown among thorns; such as hear the word, "
TPOTS19,Mark 4:19,"And the cares of this world, and the deceitfulness of riches, and the lusts of other things entering in, choke the word, and it becometh unfruitful. "
TPOTS20,Mark 4:20,"And these are they which are sown on good ground; such as hear the word, and receive [it,] and bring forth fruit, some thirtyfold, some sixty, and some an hundred. "
TFLS1,Luke 22:15,"And he said unto them, With desire I have desired to eat this passover with you before I suffer: "
TFLS2,Luke 22:16,"For I say unto you, I will not any more eat thereof, until it be fulfilled in the kingdom of God. "
TFLS3,Luke 22:17,"And he took the cup, and gave thanks, and said, Take this, and divide [it] among yourselves: "
TFLS4,Luke 22:18,"For I say unto you, I will not drink of the fruit of the vine, until the kingdom of God shall come.     "
TFLS5,Luke 22:19,"And he took bread, and gave thanks, and brake [it,] and gave unto them, saying, This is my body which is given for you: this do in remembrance of me. "
TFLS6,Luke 22:20,"Likewise also the cup after supper, saying, This cup [is] the new testament in my blood, which is shed for you.  "
1-Jan,John 3:1,"There was a man of the Pharisees, named Nicodemus, a ruler of the Jews: "
2-Jan,John 3:2,"The same came to Jesus by night, and said unto him, Rabbi, we know that thou art a teacher come from God: for no man can do these miracles that thou doest, except God be with him. "
3-Jan,John 3:3,"Jesus answered and said unto him, Verily, verily, I say unto thee, Except a man be born again, he cannot see the kingdom of God. "
4-Jan,John 3:4,"Nicodemus saith unto him, How can a man be born when he is old? can he enter the second time into his mother's womb, and be born? "
5-Jan,John 3:5,"Jesus answered, Verily, verily, I say unto thee, Except a man be born of water and [of] the Spirit, he cannot enter into the kingdom of God. "
6-Jan,John 3:6,That which is born of the flesh is flesh; and that which is born of the Spirit is spirit. 
7-Jan,John 3:7,"Marvel not that I said unto thee, Ye must be born again. "
8-Jan,John 3:8,"The wind bloweth where it listeth, and thou hearest the sound thereof, but canst not tell whence it cometh, and whither it goeth: so is every one that is born of the Spirit. "
9-Jan,John 3:9,"Nicodemus answered and said unto him, How can these things be? "
10-Jan,John 3:10,"Jesus answered and said unto him, Art thou a master of Israel, and knowest not these things? "
11-Jan,John 3:11,"Verily, verily, I say unto thee, We speak that we do know, and testify that we have seen; and ye receive not our witness. "
12-Jan,John 3:12,"If I have told you earthly things, and ye believe not, how shall ye believe, if I tell you [of] heavenly things? "
13-Jan,John 3:13,"And no man hath ascended up to heaven, but he that came down from heaven, [even] the Son of man which is in heaven. "
14-Jan,John 3:14,"And as Moses lifted up the serpent in the wilderness, even so must the Son of man be lifted up: "
15-Jan,John 3:15,"That whosoever believeth in him should not perish, but have eternal life. "
16-Jan,John 3:16,"For God so loved the world, that he gave his only begotten Son, that whosoever believeth in him should not perish, but have everlasting life. "
17-Jan,John 3:17,For God sent not his Son into the world to condemn the world; but that the world through him might be saved. 
18-Jan,John 3:18,"He that believeth on him is not condemned: but he that believeth not is condemned already, because he hath not believed in the name of the only begotten Son of God. "
19-Jan,John 3:19,"And this is the condemnation, that light is come into the world, and men loved darkness rather than light, because their deeds were evil. "
20-Jan,John 3:20,"For every one that doeth evil hateth the light, neither cometh to the light, lest his deeds should be reproved. "
21-Jan,John 3:21,"But he that doeth truth cometh to the light, that his deeds may be made manifest, that they are wrought in God. "
TC1,John 19:1,"Then Pilate therefore took Jesus, and scourged [him. ]"
TC2,John 19:2,"And the soldiers platted a crown of thorns, and put [it] on his head, and they put on him a purple robe, "
TC3,John 19:3,"And said, Hail, King of the Jews! and they smote him with their hands. "
TC4,John 19:4,"Pilate therefore went forth again, and saith unto them, Behold, I bring him forth to you, that ye may know that I find no fault in him. "
TC5,John 19:5,"Then came Jesus forth, wearing the crown of thorns, and the purple robe. And [Pilate] saith unto them, Behold the man! "
TC6,John 19:6,"When the chief priests therefore and officers saw him, they cried out, saying, Crucify [him,] crucify [him.] Pilate saith unto them, Take ye him, and crucify [him:] for I find no fault in him. "
TC7,John 19:7,"The Jews answered him, We have a law, and by our law he ought to die, because he made himself the Son of God. "
TC8,John 19:8,"When Pilate therefore heard that saying, he was the more afraid; "
TC9,John 19:9,"And went again into the judgment hall, and saith unto Jesus, Whence art thou? But Jesus gave him no answer. "
TC10,John 19:10,"Then saith Pilate unto him, Speakest thou not unto me? knowest thou not that I have power to crucify thee, and have power to release thee? "
TC11,John 19:11,"Jesus answered, Thou couldest have no power [at all] against me, except it were given thee from above: therefore he that delivered me unto thee hath the greater sin. "
TC12,John 19:12,"And from thenceforth Pilate sought to release him: but the Jews cried out, saying, If thou let this man go, thou art not Caesar's friend: whosoever maketh himself a king speaketh against Caesar. "
TC13,John 19:13,"When Pilate therefore heard that saying, he brought Jesus forth, and sat down in the judgment seat in a place that is called the Pavement, but in the Hebrew, Gabbatha. "
TC14,John 19:14,"And it was the preparation of the passover, and about the sixth hour: and he saith unto the Jews, Behold your King! "
TC15,John 19:15,"But they cried out, Away with [him,] away with [him,] crucify him. Pilate saith unto them, Shall I crucify your King? The chief priests answered, We have no king but Caesar. "
TC16,John 19:16,"Then delivered he him therefore unto them to be crucified. And they took Jesus, and led [him] away. "
TC17,John 19:17,"And he bearing his cross went forth into a place called [the place] of a skull, which is called in the Hebrew Golgotha: "
TC18,John 19:18,"Where they crucified him, and two others with him, on either side one, and Jesus in the midst. "
TC19,John 19:19,"And Pilate wrote a title, and put [it] on the cross. And the writing was, JESUS OF NAZARETH THE KING OF THE JEWS. "
TC20,John 19:20,"This title then read many of the Jews: for the place where Jesus was crucified was nigh to the city: and it was written in Hebrew, [and] Greek, [and] Latin. "
TC21,John 19:21,"Then said the chief priests of the Jews to Pilate, Write not, The King of the Jews; but that he said, I am King of the Jews. "
TC22,John 19:22,"Pilate answered, What I have written I have written. "
TC23,John 19:23,"Then the soldiers, when they had crucified Jesus, took his garments, and made four parts, to every soldier a part; and also [his] coat: now the coat was without seam, woven from the top throughout. "
TC24,John 19:24,"They said therefore among themselves, Let us not rend it, but cast lots for it, whose it shall be: that the scripture might be fulfilled, which saith, They parted my raiment among them, and for my vesture they did cast lots. These things therefore the soldiers did. "
TC25,John 19:25,"Now there stood by the cross of Jesus his mother, and his mother's sister, Mary the [wife] of Cleophas, and Mary Magdalene. "
TC26,John 19:26,"When Jesus therefore saw his mother, and the disciple standing by, whom he loved, he saith unto his mother, Woman, behold thy son! "
TC27,John 19:27,"Then saith he to the disciple, Behold thy mother! And from that hour that disciple took her unto his own [home.] "
TC28,John 19:28,"After this, Jesus knowing that all things were now accomplished, that the scripture might be fulfilled, saith, I thirst. "
TC29,John 19:29,"Now there was set a vessel full of vinegar: and they filled a spunge with vinegar, and put [it] upon hyssop, and put [it] to his mouth. "
TC30,John 19:30,"When Jesus therefore had received the vinegar, he said, It is finished: and he bowed his head, and gave up the ghost. "
TC31,John 19:31,"The Jews therefore, because it was the preparation, that the bodies should not remain upon the cross on the sabbath day, (for that sabbath day was an high day,) besought Pilate that their legs might be broken, and [that] they might be taken away. "
TC32,John 19:32,"Then came the soldiers, and brake the legs of the first, and of the other which was crucified with him. "
TC33,John 19:33,"But when they came to Jesus, and saw that he was dead already, they brake not his legs: "
TC34,John 19:34,"But one of the soldiers with a spear pierced his side, and forthwith came there out blood and water. "
TC35,John 19:35,"And he that saw [it] bare record, and his record is true: and he knoweth that he saith true, that ye might believe. "
TC36,John 19:36,"For these things were done, that the scripture should be fulfilled, A bone of him shall not be broken. "
TC37,John 19:37,"And again another scripture saith, They shall look on him whom they pierced. "
TC38,John 19:38,"And after this Joseph of Arimathaea, being a disciple of Jesus, but secretly for fear of the Jews, besought Pilate that he might take away the body of Jesus: and Pilate gave [him] leave. He came therefore, and took the body of Jesus. "
TC39,John 19:39,"And there came also Nicodemus, which at the first came to Jesus by night, and brought a mixture of myrrh and aloes, about an hundred pound [weight. ]"
TC40,John 19:40,"Then took they the body of Jesus, and wound it in linen clothes with the spices, as the manner of the Jews is to bury. "
TC41,John 19:41,"Now in the place where he was crucified there was a garden; and in the garden a new sepulchre, wherein was never man yet laid. "
TC42,John 19:42,There laid they Jesus therefore because of the Jews' preparation [day;] for the sepulchre was nigh at hand. 
TFC1,Hebrews 11:1,"Now faith is the substance of things hoped for, the evidence of things not seen. "
TFC2,Hebrews 11:2,For by it the elders obtained a good report. 
TFC3,Hebrews 11:3,"Through faith we understand that the worlds were framed by the word of God, so that things which are seen were not made of things which do appear. "
TFC4,Hebrews 11:4,"By faith Abel offered unto God a more excellent sacrifice than Cain, by which he obtained witness that he was righteous, God testifying of his gifts: and by it he being dead yet speaketh. "
TFC5,Hebrews 11:5,"By faith Enoch was translated that he should not see death; and was not found, because God had translated him: for before his translation he had this testimony, that he pleased God. "
TFC6,Hebrews 11:6,"But without faith [it is] impossible to please [him:] for he that cometh to God must believe that he is, and [that] he is a rewarder of them that diligently seek him. "
TFC7,Hebrews 11:7,"By faith Noah, being warned of God of things not seen as yet, moved with fear, prepared an ark to the saving of his house; by the which he condemned the world, and became heir of the righteousness which is by faith. "
TFC8,Hebrews 11:8,"By faith Abraham, when he was called to go out into a place which he should after receive for an inheritance, obeyed; and he went out, not knowing whither he went. "
TFC9,Hebrews 11:9,"By faith he sojourned in the land of promise, as [in] a strange country, dwelling in tabernacles with Isaac and Jacob, the heirs with him of the same promise: "
TFC10,Hebrews 11:10,"For he looked for a city which hath foundations, whose builder and maker [is] God. "
TFC11,Hebrews 11:11,"Through faith also Sara herself received strength to conceive seed, and was delivered of a child when she was past age, because she judged him faithful who had promised. "
TFC12,Hebrews 11:12,"Therefore sprang there even of one, and him as good as dead, [so many] as the stars of the sky in multitude, and as the sand which is by the sea shore innumerable. "
TFC13,Hebrews 11:13,"These all died in faith, not having received the promises, but having seen them afar off, and were persuaded of [them,] and embraced [them,] and confessed that they were strangers and pilgrims on the earth. "
TFC14,Hebrews 11:14,For they that say such things declare plainly that they seek a country. 
TFC15,Hebrews 11:15,"And truly, if they had been mindful of that [country] from whence they came out, they might have had opportunity to have returned. "
TFC16,Hebrews 11:16,"But now they desire a better [country,] that is, an heavenly: wherefore God is not ashamed to be called their God: for he hath prepared for them a city. "
TFC17,Hebrews 11:17,"By faith Abraham, when he was tried, offered up Isaac: and he that had received the promises offered up his only begotten [son, ]"
TFC18,Hebrews 11:18,"Of whom it was said, That in Isaac shall thy seed be called: "
TFC19,Hebrews 11:19,"Accounting that God [was] able to raise [him] up, even from the dead; from whence also he received him in a figure. "
TFC20,Hebrews 11:20,By faith Isaac blessed Jacob and Esau concerning things to come. 
TFC21,Hebrews 11:21,"By faith Jacob, when he was a dying, blessed both the sons of Joseph; and worshipped, [leaning] upon the top of his staff. "
TFC22,Hebrews 11:22,"By faith Joseph, when he died, made mention of the departing of the children of Israel; and gave commandment concerning his bones. "
TFC23,Hebrews 11:23,"By faith Moses, when he was born, was hid three months of his parents, because they saw [he was] a proper child; and they were not afraid of the king's commandment. "
TFC24,Hebrews 11:24,"By faith Moses, when he was come to years, refused to be called the son of Pharaoh's daughter; "
TFC25,Hebrews 11:25,"Choosing rather to suffer affliction with the people of God, than to enjoy the pleasures of sin for a season; "
TFC26,Hebrews 11:26,Esteeming the reproach of Christ greater riches than the treasures in Egypt: for he had respect unto the recompence of the reward. 
TFC27,Hebrews 11:27,"By faith he forsook Egypt, not fearing the wrath of the king: for he endured, as seeing him who is invisible. "
TFC28,Hebrews 11:28,"Through faith he kept the passover, and the sprinkling of blood, lest he that destroyed the firstborn should touch them. "
TFC29,Hebrews 11:29,By faith they passed through the Red sea as by dry [land:] which the Egyptians assaying to do were drowned. 
TFC30,Hebrews 11:30,"By faith the walls of Jericho fell down, after they were compassed about seven days. "
TFC31,Hebrews 11:31,"By faith the harlot Rahab perished not with them that believed not, when she had received the spies with peace. "
TFC32,Hebrews 11:32,"And what shall I more say? for the time would fail me to tell of Gedeon, and [of] Barak, and [of] Samson, and [of] Jephthae; [of] David also, and Samuel, and [of] the prophets: "
TFC33,Hebrews 11:33,"Who through faith subdued kingdoms, wrought righteousness, obtained promises, stopped the mouths of lions, "
TFC34,Hebrews 11:34,"Quenched the violence of fire, escaped the edge of the sword, out of weakness were made strong, waxed valiant in fight, turned to flight the armies of the aliens. "
TFC35,Hebrews 11:35,"Women received their dead raised to life again: and others were tortured, not accepting deliverance; that they might obtain a better resurrection: "
TFC36,Hebrews 11:36,"And others had trial of [cruel] mockings and scourgings, yea, moreover of bonds and imprisonment: "
TFC37,Hebrews 11:37,"They were stoned, they were sawn asunder, were tempted, were slain with the sword: they wandered about in sheepskins and goatskins; being destitute, afflicted, tormented; "
TFC38,Hebrews 11:38,"(Of whom the world was not worthy:) they wandered in deserts, and [in] mountains, and [in] dens and caves of the earth. "
TFC39,Hebrews 11:39,"And these all, having obtained a good report through faith, received not the promise: "
TFC40,Hebrews 11:40,"God having provided some better thing for us, that they without us should not be made perfect. "
